{"stats":{"minecraft:killed_by":{"minecraft:skeleton":1},"minecraft:picked_up":{"minecraft:crafting_table":11,"minecraft:glow_ink_sac":4,"minecraft:salmon":2,"minecraft:leather":8,"minecraft:brown_mushroom":11,"minecraft:red_mushroom":37,"minecraft:flint":6,"minecraft:oak_log":38,"minecraft:dirt":62,"minecraft:bow":1,"minecraft:wheat_seeds":13,"minecraft:raw_gold":2,"minecraft:cobbled_deepslate":14,"minecraft:spruce_planks":18,"minecraft:beef":9,"minecraft:rose_bush":9,"minecraft:moss_block":6,"minecraft:sugar_cane":39,"minecraft:furnace":10,"minecraft:stick":2,"minecraft:raw_iron":47,"minecraft:sweet_berries":10,"minecraft:torch":3,"minecraft:gravel":88,"minecraft:porkchop":9,"minecraft:sand":2,"minecraft:white_bed":2,"minecraft:spruce_log":22,"minecraft:dark_oak_log":24,"minecraft:diamond":2,"minecraft:arrow":2,"minecraft:rotten_flesh":12,"minecraft:spruce_boat":2,"minecraft:mutton":11,"minecraft:coal":279,"minecraft:white_wool":7,"minecraft:cobblestone":171},"minecraft:killed":{"minecraft:pig":4,"minecraft:salmon":2,"minecraft:rabbit":1,"minecraft:spider":1,"minecraft:skeleton":2,"minecraft:sheep":7,"minecraft:zombie":6,"minecraft:enderman":1,"minecraft:cow":5},"minecraft:mined":{"minecraft:white_bed":2,"minecraft:brown_mushroom":7,"minecraft:dark_oak_leaves":1,"minecraft:deepslate_diamond_ore":2,"minecraft:dark_oak_log":24,"minecraft:crafting_table":10,"minecraft:short_grass":33,"minecraft:grass_block":11,"minecraft:rose_bush":9,"minecraft:mushroom_stem":13,"minecraft:brown_mushroom_block":20,"minecraft:cobblestone":3,"minecraft:spruce_leaves":2,"minecraft:deepslate_gold_ore":2,"minecraft:sugar_cane":16,"minecraft:moss_block":6,"minecraft:large_fern":46,"minecraft:furnace":10,"minecraft:iron_ore":33,"minecraft:sweet_berry_bush":4,"minecraft:spruce_log":23,"minecraft:deepslate_iron_ore":14,"minecraft:oak_log":38,"minecraft:coal_ore":49,"minecraft:gravel":63,"minecraft:sand":2,"minecraft:dirt":52,"minecraft:red_mushroom_block":132,"minecraft:stone":168,"minecraft:deepslate":9,"minecraft:oak_leaves":12,"minecraft:fern":23},"minecraft:crafted":{"minecraft:cooked_beef":9,"minecraft:oak_planks":20,"minecraft:stone_shovel":2,"minecraft:cooked_porkchop":2,"minecraft:crafting_table":1,"minecraft:spruce_planks":88,"minecraft:wooden_pickaxe":2,"minecraft:furnace":2,"minecraft:cooked_salmon":2,"minecraft:bucket":1,"minecraft:stone_axe":3,"minecraft:cooked_mutton":11,"minecraft:air":0,"minecraft:iron_boots":1,"minecraft:iron_chestplate":1,"minecraft:shield":1,"minecraft:iron_axe":1,"minecraft:stick":36,"minecraft:iron_ingot":23,"minecraft:iron_pickaxe":1,"minecraft:stone_pickaxe":2,"minecraft:stone_sword":2,"minecraft:gold_ingot":2,"minecraft:white_bed":1,"minecraft:spruce_boat":1,"minecraft:torch":8},"minecraft:custom":{"minecraft:interact_with_furnace":39,"minecraft:mob_kills":30,"minecraft:interact_with_crafting_table":25,"minecraft:leave_game":6,"minecraft:time_since_death":71927,"minecraft:sleep_in_bed":7,"minecraft:time_since_rest":41043,"minecraft:sprint_one_cm":217143,"minecraft:damage_taken":1703,"minecraft:walk_one_cm":169336,"minecraft:damage_blocked_by_shield":50,"minecraft:drop":11,"minecraft:damage_dealt":4416,"minecraft:swim_one_cm":64047,"minecraft:fly_one_cm":278548,"minecraft:open_chest":1,"minecraft:crouch_one_cm":15251,"minecraft:play_time":88600,"minecraft:deaths":3,"minecraft:sneak_time":7677,"minecraft:walk_under_water_one_cm":15024,"minecraft:boat_one_cm":3744,"minecraft:jump":1524,"minecraft:walk_on_water_one_cm":22453,"minecraft:total_world_time":88600,"minecraft:fall_one_cm":50095},"minecraft:dropped":{"minecraft:iron_ingot":1,"minecraft:moss_block":6,"minecraft:wheat_seeds":10,"minecraft:glow_ink_sac":4,"minecraft:stick":1,"minecraft:flint":1,"minecraft:dirt":4,"minecraft:torch":3,"minecraft:rose_bush":9,"minecraft:stone_pickaxe":1,"minecraft:wooden_pickaxe":1},"minecraft:broken":{"minecraft:stone_axe":2,"minecraft:wooden_pickaxe":1},"minecraft:used":{"minecraft:cooked_mutton":7,"minecraft:stone_sword":53,"minecraft:stone_pickaxe":180,"minecraft:stone_shovel":129,"minecraft:oak_planks":7,"minecraft:shield":2,"minecraft:wooden_pickaxe":101,"minecraft:cooked_salmon":1,"minecraft:iron_chestplate":1,"minecraft:torch":8,"minecraft:dirt":52,"minecraft:sand":2,"minecraft:crafting_table":10,"minecraft:white_bed":2,"minecraft:spruce_boat":2,"minecraft:iron_axe":14,"minecraft:iron_pickaxe":14,"minecraft:iron_boots":1,"minecraft:gravel":4,"minecraft:stone_axe":255,"minecraft:fire_charge":1,"minecraft:cobblestone":18,"minecraft:furnace":10,"minecraft:cooked_porkchop":2,"minecraft:bucket":1,"minecraft:cooked_beef":4,"minecraft:cobbled_deepslate":9}},"DataVersion":3839}