{"stats":{"minecraft:killed_by":{"minecraft:player":2},"minecraft:picked_up":{"minecraft:crafting_table":14,"minecraft:feather":2,"minecraft:chicken":2,"minecraft:leather":6,"minecraft:golden_leggings":1,"minecraft:smoker":1,"minecraft:flint":1,"minecraft:tuff":19,"minecraft:oak_log":19,"minecraft:dirt":27,"minecraft:wooden_sword":1,"minecraft:cobbled_deepslate":160,"minecraft:raw_gold":8,"minecraft:spruce_planks":19,"minecraft:iron_ingot":1,"minecraft:beef":5,"minecraft:oak_boat":6,"minecraft:sugar_cane":46,"minecraft:furnace":6,"minecraft:golden_helmet":1,"minecraft:stick":2,"minecraft:raw_iron":52,"minecraft:porkchop":35,"minecraft:spruce_sapling":2,"minecraft:diorite":13,"minecraft:spruce_log":12,"minecraft:rotten_flesh":2,"minecraft:diamond":80,"minecraft:stone_axe":1,"minecraft:granite":18,"minecraft:gray_wool":1,"minecraft:oak_sapling":1,"minecraft:obsidian":34,"minecraft:black_wool":2,"minecraft:mutton":27,"minecraft:coal":145,"minecraft:white_wool":15,"minecraft:cobblestone":162},"minecraft:killed":{"minecraft:armadillo":1,"minecraft:pig":20,"minecraft:spider":1,"minecraft:creeper":1,"minecraft:skeleton":7,"minecraft:sheep":18,"minecraft:zombie":6,"minecraft:chicken":2,"minecraft:cow":6},"minecraft:mined":{"minecraft:tuff":19,"minecraft:deepslate_diamond_ore":81,"minecraft:smoker":1,"minecraft:powder_snow":15,"minecraft:obsidian":17,"minecraft:crafting_table":14,"minecraft:granite":18,"minecraft:short_grass":12,"minecraft:grass_block":7,"minecraft:cobblestone":1,"minecraft:sugar_cane":15,"minecraft:diorite":13,"minecraft:furnace":6,"minecraft:iron_ore":43,"minecraft:spruce_log":11,"minecraft:oak_log":19,"minecraft:coal_ore":39,"minecraft:dirt":15,"minecraft:stone":161,"minecraft:fern":1,"minecraft:gold_ore":8,"minecraft:mossy_stone_bricks":1,"minecraft:oak_leaves":9,"minecraft:deepslate":266},"minecraft:crafted":{"minecraft:wooden_sword":2,"minecraft:oak_planks":16,"minecraft:diamond_sword":1,"minecraft:cooked_porkchop":4,"minecraft:crafting_table":2,"minecraft:spruce_planks":40,"minecraft:wooden_pickaxe":1,"minecraft:iron_helmet":1,"minecraft:furnace":2,"minecraft:bucket":1,"minecraft:cooked_mutton":27,"minecraft:air":0,"minecraft:flint_and_steel":1,"minecraft:oak_boat":1,"minecraft:diamond_helmet":1,"minecraft:diamond_leggings":1,"minecraft:iron_boots":1,"minecraft:iron_chestplate":1,"minecraft:diamond_pickaxe":1,"minecraft:shield":1,"minecraft:stick":20,"minecraft:iron_ingot":43,"minecraft:iron_pickaxe":2,"minecraft:stone_pickaxe":2,"minecraft:wooden_axe":1,"minecraft:stone_sword":1,"minecraft:diamond_boots":1,"minecraft:iron_leggings":1,"minecraft:smoker":1,"minecraft:diamond_chestplate":1},"minecraft:custom":{"minecraft:interact_with_furnace":46,"minecraft:mob_kills":63,"minecraft:interact_with_crafting_table":30,"minecraft:leave_game":5,"minecraft:time_since_death":79298,"minecraft:climb_one_cm":184,"minecraft:time_since_rest":79332,"minecraft:sprint_one_cm":150615,"minecraft:damage_taken":950,"minecraft:walk_one_cm":181740,"minecraft:damage_blocked_by_shield":196,"minecraft:drop":4,"minecraft:damage_dealt":7740,"minecraft:swim_one_cm":15175,"minecraft:fly_one_cm":273541,"minecraft:open_chest":1,"minecraft:crouch_one_cm":6540,"minecraft:play_time":81876,"minecraft:deaths":2,"minecraft:sneak_time":2994,"minecraft:walk_under_water_one_cm":2804,"minecraft:boat_one_cm":157938,"minecraft:jump":1552,"minecraft:fall_one_cm":41512,"minecraft:walk_on_water_one_cm":15004,"minecraft:total_world_time":81876,"minecraft:interact_with_smoker":11},"minecraft:dropped":{"minecraft:cobbled_deepslate":69,"minecraft:tuff":1,"minecraft:diorite":13},"minecraft:used":{"minecraft:cooked_mutton":7,"minecraft:water_bucket":3,"minecraft:stone_sword":10,"minecraft:diamond_boots":1,"minecraft:stone_pickaxe":222,"minecraft:wooden_pickaxe":17,"minecraft:shield":8,"minecraft:dirt":10,"minecraft:crafting_table":15,"minecraft:tuff":18,"minecraft:granite":11,"minecraft:smoker":1,"minecraft:wooden_axe":38,"minecraft:diamond_pickaxe":36,"minecraft:iron_pickaxe":408,"minecraft:iron_helmet":1,"minecraft:iron_boots":1,"minecraft:diamond_chestplate":1,"minecraft:fishing_rod":1,"minecraft:wooden_sword":19,"minecraft:diamond_sword":158,"minecraft:cobblestone":8,"minecraft:furnace":6,"minecraft:cooked_porkchop":4,"minecraft:bucket":4,"minecraft:diamond_leggings":1,"minecraft:oak_boat":6,"minecraft:cobbled_deepslate":2},"minecraft:broken":{"minecraft:stone_pickaxe":1,"minecraft:iron_pickaxe":1}},"DataVersion":3839}