{"stats":{"minecraft:killed_by":{"minecraft:player":1},"minecraft:picked_up":{"minecraft:nautilus_shell":1,"minecraft:crafting_table":3,"minecraft:feather":4,"minecraft:cooked_beef":2,"minecraft:chicken":5,"minecraft:salmon":8,"minecraft:leather":3,"minecraft:golden_leggings":1,"minecraft:wooden_pickaxe":1,"minecraft:oak_log":62,"minecraft:dirt":8,"minecraft:wooden_sword":1,"minecraft:cooked_salmon":2,"minecraft:pufferfish":1,"minecraft:bone":2,"minecraft:kelp":10,"minecraft:beef":4,"minecraft:oak_boat":4,"minecraft:iron_nugget":27,"minecraft:sugar_cane":7,"minecraft:oak_planks":20,"minecraft:furnace":1,"minecraft:golden_helmet":1,"minecraft:stick":5,"minecraft:cooked_porkchop":2,"minecraft:pumpkin":2,"minecraft:sand":13,"minecraft:spruce_sapling":4,"minecraft:spruce_log":9,"minecraft:stone_sword":2,"minecraft:tropical_fish":1,"minecraft:stone_axe":1,"minecraft:spruce_boat":4,"minecraft:oak_sapling":1,"minecraft:mutton":2,"minecraft:obsidian":2,"minecraft:cod":8,"minecraft:cobblestone":26},"minecraft:killed":{"minecraft:salmon":5,"minecraft:polar_bear":3,"minecraft:sheep":1,"minecraft:chicken":3,"minecraft:turtle":1,"minecraft:cow":2},"minecraft:mined":{"minecraft:kelp_plant":1,"minecraft:crafting_table":3,"minecraft:short_grass":1,"minecraft:grass_block":2,"minecraft:spruce_leaves":3,"minecraft:oak_planks":4,"minecraft:kelp":1,"minecraft:large_fern":1,"minecraft:seagrass":1,"minecraft:furnace":1,"minecraft:fire":1,"minecraft:ice":5,"minecraft:spruce_log":6,"minecraft:birch_leaves":1,"minecraft:pumpkin":2,"minecraft:oak_log":63,"minecraft:coal_ore":1,"minecraft:dirt":1,"minecraft:gravel":1,"minecraft:sand":7,"minecraft:stone":25,"minecraft:oak_leaves":4,"minecraft:fern":1},"minecraft:crafted":{"minecraft:wooden_sword":1,"minecraft:oak_planks":92,"minecraft:crafting_table":2,"minecraft:spruce_planks":24,"minecraft:wooden_pickaxe":1,"minecraft:cooked_chicken":2,"minecraft:cooked_salmon":5,"minecraft:stone_axe":1,"minecraft:oak_boat":2,"minecraft:oak_chest_boat":1,"minecraft:stick":8,"minecraft:stone_pickaxe":2,"minecraft:stone_sword":1,"minecraft:chest":1,"minecraft:spruce_boat":1},"minecraft:custom":{"minecraft:interact_with_furnace":13,"minecraft:mob_kills":15,"minecraft:interact_with_crafting_table":12,"minecraft:leave_game":2,"minecraft:time_since_death":58918,"minecraft:time_since_rest":58946,"minecraft:sprint_one_cm":90993,"minecraft:damage_taken":713,"minecraft:walk_one_cm":136905,"minecraft:drop":13,"minecraft:damage_dealt":2131,"minecraft:swim_one_cm":61146,"minecraft:fly_one_cm":147331,"minecraft:player_kills":2,"minecraft:open_chest":3,"minecraft:crouch_one_cm":1380,"minecraft:play_time":80461,"minecraft:deaths":2,"minecraft:sneak_time":2037,"minecraft:walk_under_water_one_cm":31228,"minecraft:boat_one_cm":543784,"minecraft:jump":853,"minecraft:walk_on_water_one_cm":23029,"minecraft:total_world_time":80461,"minecraft:fish_caught":12,"minecraft:fall_one_cm":19162},"minecraft:dropped":{"minecraft:cooked_chicken":1,"minecraft:stone_sword":1,"minecraft:cobblestone":14,"minecraft:rotten_flesh":1,"minecraft:dirt":5,"minecraft:oak_boat":1,"minecraft:cooked_salmon":3,"minecraft:wooden_sword":1,"minecraft:spruce_log":1,"minecraft:sand":4},"minecraft:used":{"minecraft:stone_sword":89,"minecraft:stone_pickaxe":16,"minecraft:oak_planks":4,"minecraft:wooden_pickaxe":12,"minecraft:cooked_salmon":3,"minecraft:sand":3,"minecraft:mutton":2,"minecraft:crafting_table":4,"minecraft:spruce_log":1,"minecraft:spruce_boat":5,"minecraft:chicken":1,"minecraft:spruce_sapling":2,"minecraft:stone_axe":69,"minecraft:fishing_rod":20,"minecraft:oak_boat":4,"minecraft:oak_chest_boat":1}},"DataVersion":3839}