{"stats":{"minecraft:picked_up":{"minecraft:crafting_table":3,"minecraft:magma_block":2,"minecraft:chicken":2,"minecraft:salmon":8,"minecraft:leather":2,"minecraft:brown_mushroom":1,"minecraft:wooden_pickaxe":1,"minecraft:oak_log":8,"minecraft:dirt":11,"minecraft:string":2,"minecraft:wooden_sword":1,"minecraft:cooked_salmon":3,"minecraft:kelp":58,"minecraft:spruce_planks":6,"minecraft:beef":5,"minecraft:cooked_chicken":1,"minecraft:oak_boat":10,"minecraft:iron_nugget":27,"minecraft:sugar_cane":18,"minecraft:chest":1,"minecraft:stick":3,"minecraft:pumpkin":4,"minecraft:porkchop":4,"minecraft:sand":12,"minecraft:spruce_sapling":2,"minecraft:spruce_log":11,"minecraft:stone_sword":1,"minecraft:bone_meal":1,"minecraft:oak_chest_boat":2,"minecraft:oak_sapling":4,"minecraft:obsidian":2,"minecraft:cod":3,"minecraft:coal":2,"minecraft:cobblestone":25},"minecraft:killed":{"minecraft:armadillo":1,"minecraft:pig":2,"minecraft:salmon":5,"minecraft:spider":1,"minecraft:polar_bear":2,"minecraft:drowned":1,"minecraft:cow":2},"minecraft:crafted":{"minecraft:cooked_beef":4,"minecraft:oak_planks":184,"minecraft:cooked_porkchop":4,"minecraft:crafting_table":1,"minecraft:spruce_planks":44,"minecraft:dried_kelp":19,"minecraft:furnace":2,"minecraft:cooked_salmon":5,"minecraft:stone_axe":1,"minecraft:air":0,"minecraft:oak_boat":1,"minecraft:oak_chest_boat":1,"minecraft:stick":4,"minecraft:stone_pickaxe":1,"minecraft:dried_kelp_block":2},"minecraft:dropped":{"minecraft:iron_nugget":27,"minecraft:cooked_beef":2,"minecraft:stone_sword":1,"minecraft:cooked_porkchop":2,"minecraft:obsidian":2,"minecraft:chicken":2,"minecraft:cobblestone":1,"minecraft:salmon":2,"minecraft:filled_map":1,"minecraft:dirt":5,"minecraft:cooked_salmon":2,"minecraft:sand":6,"minecraft:wooden_pickaxe":1},"minecraft:custom":{"minecraft:interact_with_furnace":18,"minecraft:mob_kills":14,"minecraft:interact_with_crafting_table":13,"minecraft:leave_game":5,"minecraft:time_since_death":43909,"minecraft:time_since_rest":43937,"minecraft:sprint_one_cm":89218,"minecraft:damage_taken":781,"minecraft:walk_one_cm":121966,"minecraft:drop":21,"minecraft:damage_dealt":2068,"minecraft:swim_one_cm":56422,"minecraft:fly_one_cm":139414,"minecraft:player_kills":2,"minecraft:open_chest":2,"minecraft:crouch_one_cm":1427,"minecraft:play_time":45891,"minecraft:deaths":1,"minecraft:sneak_time":1414,"minecraft:walk_under_water_one_cm":29014,"minecraft:boat_one_cm":155563,"minecraft:jump":747,"minecraft:walk_on_water_one_cm":20479,"minecraft:total_world_time":45891,"minecraft:fish_caught":1,"minecraft:fall_one_cm":14920},"minecraft:used":{"minecraft:stone_pickaxe":13,"minecraft:dried_kelp":1,"minecraft:cooked_salmon":3,"minecraft:dirt":1,"minecraft:sand":6,"minecraft:crafting_table":2,"minecraft:map":1,"minecraft:stone_axe":34,"minecraft:fishing_rod":3,"minecraft:wooden_sword":14,"minecraft:furnace":1,"minecraft:oak_sapling":1,"minecraft:cooked_porkchop":2,"minecraft:oak_boat":9,"minecraft:cooked_beef":2,"minecraft:oak_chest_boat":2},"minecraft:mined":{"minecraft:oak_sapling":1,"minecraft:kelp_plant":11,"minecraft:crafting_table":2,"minecraft:short_grass":16,"minecraft:grass_block":4,"minecraft:chest":1,"minecraft:spruce_leaves":3,"minecraft:sugar_cane":4,"minecraft:kelp":1,"minecraft:large_fern":10,"minecraft:seagrass":1,"minecraft:magma_block":2,"minecraft:spruce_sapling":2,"minecraft:fire":8,"minecraft:ice":1,"minecraft:spruce_log":12,"minecraft:pumpkin":4,"minecraft:oak_log":8,"minecraft:coal_ore":1,"minecraft:dirt":6,"minecraft:sand":6,"minecraft:stone":10,"minecraft:oak_leaves":5,"minecraft:fern":2},"minecraft:killed_by":{"minecraft:player":1}},"DataVersion":3839}